{"cameraMode":{"drawMode":0,"name":"Shaded","section":"Shading Mode"},"sceneLighting":false,"audioPlay":false,"sceneViewState":{"m_AlwaysRefresh":false,"showFog":true,"showSkybox":true,"showFlares":true,"showImageEffects":true,"showParticleSystems":true,"showVisualEffectGraphs":true,"m_FxEnabled":true},"in2DMode":false,"pivot":{"x":0.6071336269378662,"y":3.387171506881714,"z":-1.745856761932373},"rotation":{"x":-0.05567989498376846,"y":0.211074098944664,"z":-0.012052801437675953,"w":-0.9758763313293457},"size":0.01450482290238142,"orthographic":false}