{"cameraMode":{"drawMode":0,"name":"Shaded","section":"Shading Mode"},"sceneLighting":true,"audioPlay":false,"sceneViewState":{"m_AlwaysRefresh":false,"showFog":true,"showSkybox":true,"showFlares":true,"showImageEffects":true,"showParticleSystems":true,"showVisualEffectGraphs":true,"m_FxEnabled":true},"in2DMode":false,"pivot":{"x":2.349930763244629,"y":2.9052698612213136,"z":2.303144693374634},"rotation":{"x":0.0299444068223238,"y":-0.8493455052375794,"z":0.04846542701125145,"w":0.5247792601585388},"size":0.012163184583187104,"orthographic":false}